,brand,city_state,frequency,zip_list
0,Atlanta,"Allen, TX",1,"[75002, 75013]"
1,Atlanta,"Alpharetta, GA",1,"[30004, 30005, 30009, 30022]"
2,Atlanta,"Amherst, NH",1,['03031']
3,Atlanta,"Annapolis, MD",1,"[21401, 21402, 21403, 21405, 21409]"
4,Atlanta,"Arden, NC",1,[28704]
5,Charlotte,"Arden, NC",1,[28704]
6,Atlanta,"Athens, GA",1,"[30601, 30602, 30605, 30606, 30607, 30609]"
7,Atlanta,"Atlanta, GA",43,"[30354, 30312, 30303, 30305, 30306, 30307, 30308, 30309, 30310, 30311, 30313, 30314, 30315, 30316, 30317, 30318, 30319, 30322, 30324, 30326, 30327, 30328, 30329, 30331, 30332, 30334, 30336, 30337, 30338, 30339, 30340, 30341, 30342, 30344, 30345, 30346, 30349, 30350, 30360, 30363, 30096]"
8,Charlotte,"Atlanta, GA",1,"[30354, 30312, 30303, 30305, 30306, 30307, 30308, 30309, 30310, 30311, 30313, 30314, 30315, 30316, 30317, 30318, 30319, 30322, 30324, 30326, 30327, 30328, 30329, 30331, 30332, 30334, 30336, 30337, 30338, 30339, 30340, 30341, 30342, 30344, 30345, 30346, 30349, 30350, 30360, 30363, 30096]"
9,Louisville,"Atlanta, GA",1,"[30354, 30312, 30303, 30305, 30306, 30307, 30308, 30309, 30310, 30311, 30313, 30314, 30315, 30316, 30317, 30318, 30319, 30322, 30324, 30326, 30327, 30328, 30329, 30331, 30332, 30334, 30336, 30337, 30338, 30339, 30340, 30341, 30342, 30344, 30345, 30346, 30349, 30350, 30360, 30363, 30096]"
10,Atlanta,"Auburn, AL",1,"[36830, 36832]"
11,Atlanta,"Baltimore, MD",1,"[21201, 21202, 21205, 21206, 21209, 21210, 21211, 21212, 21213, 21214, 21215, 21216, 21217, 21218, 21223, 21224, 21229, 21230, 21231, 21207, 21239, 21240, 21250, 21251]"
12,Atlanta,"Boston, MA",2,"['02108', '02109', '02110', '02111', '02113', '02114', '02115', '02116', '02118', '02127', '02128', '02163', '02199', '02203', '02150', '02210', '02215']"
13,Charlotte,"Boston, MA",3,"['02108', '02109', '02110', '02111', '02113', '02114', '02115', '02116', '02118', '02127', '02128', '02163', '02199', '02203', '02150', '02210', '02215']"
14,Indianapolis,"Boston, MA",1,"['02108', '02109', '02110', '02111', '02113', '02114', '02115', '02116', '02118', '02127', '02128', '02163', '02199', '02203', '02150', '02210', '02215']"
15,RDU,"Boston, MA",3,"['02108', '02109', '02110', '02111', '02113', '02114', '02115', '02116', '02118', '02127', '02128', '02163', '02199', '02203', '02150', '02210', '02215']"
16,Atlanta,"Bristol, PA",1,[19007]
17,Atlanta,"Charlotte, NC",2,"[28202, 28203, 28204, 28205, 28206, 28207, 28208, 28209, 28210, 28211, 28212, 28213, 28214, 28215, 28216, 28217, 28269, 28226, 28227, 28273, 28244, 28262, 28270, 28277, 28278, 28280, 28282]"
18,Charlotte,"Charlotte, NC",113,"[28202, 28203, 28204, 28205, 28206, 28207, 28208, 28209, 28210, 28211, 28212, 28213, 28214, 28215, 28216, 28217, 28269, 28226, 28227, 28273, 28244, 28262, 28270, 28277, 28278, 28280, 28282]"
19,Portland,"Charlotte, NC",1,"[28202, 28203, 28204, 28205, 28206, 28207, 28208, 28209, 28210, 28211, 28212, 28213, 28214, 28215, 28216, 28217, 28269, 28226, 28227, 28273, 28244, 28262, 28270, 28277, 28278, 28280, 28282]"
20,RDU,"Charlotte, NC",1,"[28202, 28203, 28204, 28205, 28206, 28207, 28208, 28209, 28210, 28211, 28212, 28213, 28214, 28215, 28216, 28217, 28269, 28226, 28227, 28273, 28244, 28262, 28270, 28277, 28278, 28280, 28282]"
21,Atlanta,"Chicago, IL",1,"[60607, 60601, 60602, 60603, 60604, 60605, 60606, 60608, 60609, 60610, 60611, 60612, 60613, 60614, 60615, 60616, 60617, 60618, 60619, 60620, 60621, 60622, 60623, 60624, 60625, 60626, 60628, 60629, 60630, 60631, 60632, 60633, 60634, 60636, 60637, 60638, 60639, 60640, 60641, 60642, 60643, 60644, 60645, 60646, 60647, 60649, 60651, 60652, 60653, 60654, 60655, 60656, 60657, 60659, 60660, 60661, 60018, 60131]"
22,Austin,"Chicago, IL",1,"[60607, 60601, 60602, 60603, 60604, 60605, 60606, 60608, 60609, 60610, 60611, 60612, 60613, 60614, 60615, 60616, 60617, 60618, 60619, 60620, 60621, 60622, 60623, 60624, 60625, 60626, 60628, 60629, 60630, 60631, 60632, 60633, 60634, 60636, 60637, 60638, 60639, 60640, 60641, 60642, 60643, 60644, 60645, 60646, 60647, 60649, 60651, 60652, 60653, 60654, 60655, 60656, 60657, 60659, 60660, 60661, 60018, 60131]"
23,Atlanta,"Clearwater, FL",2,"[33755, 33756, 33765, 33759, 33760, 33761, 33762, 33763, 33764]"
24,Atlanta,"Cleveland, OH",2,"[44101, 44102, 44103, 44104, 44105, 44106, 44108, 44109, 44110, 44111, 44112, 44113, 44114, 44115, 44118, 44119, 44120, 44121, 44124, 44125, 44126, 44127, 44128, 44129, 44130, 44134, 44135, 44143, 44144]"
25,Atlanta,"Cocoa, FL",1,"[32922, 32926, 32927]"
26,Atlanta,"Columbia, SC",1,"[29201, 29202, 29203, 29204, 29205, 29206, 29207, 29208, 29209, 29210, 29212, 29223, 29225, 29229]"
27,Charlotte,"Columbia, SC",3,"[29201, 29202, 29203, 29204, 29205, 29206, 29207, 29208, 29209, 29210, 29212, 29223, 29225, 29229]"
28,San_Diego,"Columbia, SC",1,"[29201, 29202, 29203, 29204, 29205, 29206, 29207, 29208, 29209, 29210, 29212, 29223, 29225, 29229]"
29,Atlanta,"Columbus, OH",3,"[43085, 43201, 43202, 43203, 43204, 43205, 43206, 43207, 43209, 43210, 43211, 43212, 43213, 43214, 43215, 43217, 43219, 43220, 43221, 43222, 43223, 43224, 43229, 43227, 43228, 43230, 43231, 43232, 43235, 43240]"
30,Atlanta,"Detroit, MI",1,"[48201, 48202, 48204, 48205, 48206, 48207, 48208, 48209, 48210, 48211, 48213, 48214, 48215, 48216, 48217, 48219, 48221, 48223, 48224, 48226, 48227, 48228, 48233, 48234, 48235, 48238, 48242, 48243, 48212]"
31,Atlanta,"Dulles, VA",1,[20166]
32,Charlotte,"Dulles, VA",1,[20166]
33,Atlanta,"Duluth, GA",1,"[30096, 30097]"
34,Atlanta,"Ellijay, GA",1,"[30536, 30540]"
35,Atlanta,"Fairport, NY",4,[14450]
36,Atlanta,"Fayetteville, GA",1,"[30214, 30215]"
37,Atlanta,"Fort Atkinson, WI",2,[53538]
38,Austin,"Fort Atkinson, WI",2,[53538]
39,Indianapolis,"Fort Atkinson, WI",4,[53538]
40,Atlanta,"Fremont, NE",1,[68025]
41,Atlanta,"Herndon, VA",1,"[20170, 20171, 20191]"
42,Atlanta,"Houston, TX",2,"[77002, 77003, 77004, 77005, 77006, 77007, 77008, 77009, 77010, 77011, 77012, 77013, 77014, 77015, 77016, 77017, 77018, 77019, 77020, 77021, 77022, 77023, 77024, 77025, 77026, 77027, 77028, 77029, 77030, 77031, 77032, 77033, 77034, 77035, 77036, 77037, 77038, 77039, 77040, 77041, 77042, 77043, 77044, 77045, 77046, 77047, 77048, 77049, 77050, 77051, 77053, 77054, 77055, 77056, 77057, 77058, 77059, 77060, 77061, 77062, 77063, 77064, 77065, 77066, 77067, 77068, 77069, 77070, 77071, 77072, 77073, 77074, 77075, 77076, 77077, 77078, 77079, 77080, 77081, 77082, 77083, 77084, 77085, 77086, 77087, 77088, 77089, 77090, 77091, 77092, 77093, 77094, 77095, 77096, 77098, 77099, 77201]"
43,Atlanta,"Huntsville, AL",2,"[35801, 35802, 35803, 35805, 35806, 35808, 35810, 35811, 35824, 35816, 35896]"
44,Atlanta,"Indianapolis, IN",1,"[46201, 46202, 46203, 46204, 46205, 46225, 46208, 46231, 46268, 46214, 46216, 46217, 46218, 46219, 46220, 46221, 46222, 46224, 46226, 46227, 46228, 46229, 46234, 46235, 46236, 46237, 46239, 46240, 46241, 46250, 46254, 46256, 46259, 46260, 46278, 46280, 46290]"
45,Indianapolis,"Indianapolis, IN",45,"[46201, 46202, 46203, 46204, 46205, 46225, 46208, 46231, 46268, 46214, 46216, 46217, 46218, 46219, 46220, 46221, 46222, 46224, 46226, 46227, 46228, 46229, 46234, 46235, 46236, 46237, 46239, 46240, 46241, 46250, 46254, 46256, 46259, 46260, 46278, 46280, 46290]"
46,Atlanta,"Jonesboro, GA",2,"[30236, 30238]"
47,Atlanta,"Kennesaw, GA",1,"[30144, 30152]"
48,Atlanta,"Lawrenceville, GA",2,"[30044, 30043, 30045, 30046]"
49,Atlanta,"Little Rock, AR",1,"[72201, 72202, 72204, 72205, 72206, 72207, 72209, 72210, 72211, 72212, 72223, 72227, 72117]"
50,Atlanta,"Los Angeles, CA",3,"[90001, 90002, 90003, 90004, 90005, 90006, 90007, 90008, 90045, 90010, 90011, 90012, 90013, 90014, 90015, 90016, 90017, 90018, 90019, 90020, 90021, 90022, 90023, 90024, 90025, 90026, 90027, 90028, 90029, 90031, 90032, 90033, 90034, 90035, 90036, 90037, 90038, 90039, 90040, 90041, 90042, 90043, 90044, 90046, 90047, 90048, 90049, 90056, 90057, 90058, 90059, 90061, 90062, 90063, 90064, 90065, 90066, 90067, 90068, 90071, 90073, 90077, 90079, 90089, 90095, 90201]"
51,Austin,"Los Angeles, CA",2,"[90001, 90002, 90003, 90004, 90005, 90006, 90007, 90008, 90045, 90010, 90011, 90012, 90013, 90014, 90015, 90016, 90017, 90018, 90019, 90020, 90021, 90022, 90023, 90024, 90025, 90026, 90027, 90028, 90029, 90031, 90032, 90033, 90034, 90035, 90036, 90037, 90038, 90039, 90040, 90041, 90042, 90043, 90044, 90046, 90047, 90048, 90049, 90056, 90057, 90058, 90059, 90061, 90062, 90063, 90064, 90065, 90066, 90067, 90068, 90071, 90073, 90077, 90079, 90089, 90095, 90201]"
52,Charlotte,"Los Angeles, CA",4,"[90001, 90002, 90003, 90004, 90005, 90006, 90007, 90008, 90045, 90010, 90011, 90012, 90013, 90014, 90015, 90016, 90017, 90018, 90019, 90020, 90021, 90022, 90023, 90024, 90025, 90026, 90027, 90028, 90029, 90031, 90032, 90033, 90034, 90035, 90036, 90037, 90038, 90039, 90040, 90041, 90042, 90043, 90044, 90046, 90047, 90048, 90049, 90056, 90057, 90058, 90059, 90061, 90062, 90063, 90064, 90065, 90066, 90067, 90068, 90071, 90073, 90077, 90079, 90089, 90095, 90201]"
53,Portland,"Los Angeles, CA",1,"[90001, 90002, 90003, 90004, 90005, 90006, 90007, 90008, 90045, 90010, 90011, 90012, 90013, 90014, 90015, 90016, 90017, 90018, 90019, 90020, 90021, 90022, 90023, 90024, 90025, 90026, 90027, 90028, 90029, 90031, 90032, 90033, 90034, 90035, 90036, 90037, 90038, 90039, 90040, 90041, 90042, 90043, 90044, 90046, 90047, 90048, 90049, 90056, 90057, 90058, 90059, 90061, 90062, 90063, 90064, 90065, 90066, 90067, 90068, 90071, 90073, 90077, 90079, 90089, 90095, 90201]"
54,San_Diego,"Los Angeles, CA",6,"[90001, 90002, 90003, 90004, 90005, 90006, 90007, 90008, 90045, 90010, 90011, 90012, 90013, 90014, 90015, 90016, 90017, 90018, 90019, 90020, 90021, 90022, 90023, 90024, 90025, 90026, 90027, 90028, 90029, 90031, 90032, 90033, 90034, 90035, 90036, 90037, 90038, 90039, 90040, 90041, 90042, 90043, 90044, 90046, 90047, 90048, 90049, 90056, 90057, 90058, 90059, 90061, 90062, 90063, 90064, 90065, 90066, 90067, 90068, 90071, 90073, 90077, 90079, 90089, 90095, 90201]"
55,Atlanta,"Madison, WI",1,"[53703, 53702, 53704, 53705, 53706, 53714, 53711, 53713, 53715, 53716, 53717, 53718, 53719, 53726, 53792]"
56,Atlanta,"Marietta, GA",1,"[30339, 30068, 30008, 30060, 30062, 30064, 30066, 30067]"
57,Atlanta,"Miami, FL",1,"[33101, 33126, 33122, 33131, 33176, 33181, 33125, 33127, 33128, 33129, 33130, 33132, 33133, 33134, 33135, 33136, 33137, 33138, 33142, 33143, 33144, 33145, 33146, 33147, 33150, 33155, 33156, 33157, 33158, 33139, 33161, 33162, 33180, 33165, 33166, 33167, 33168, 33169, 33170, 33172, 33173, 33174, 33175, 33177, 33178, 33179, 33182, 33183, 33184, 33185, 33186, 33187, 33189, 33190, 33193, 33194, 33196]"
58,Atlanta,"Minneapolis, MN",1,"[55401, 55402, 55403, 55404, 55405, 55406, 55407, 55408, 55409, 55410, 55411, 55412, 55413, 55414, 55415, 55416, 55417, 55418, 55419, 55420, 55421, 55422, 55423, 55424, 55425, 55426, 55427, 55428, 55429, 55430, 55431, 55432, 55433, 55434, 55435, 55436, 55437, 55438, 55439, 55441, 55442, 55443, 55444, 55445, 55446, 55447, 55448, 55449, 55450, 55454, 55455]"
59,Charlotte,"Minneapolis, MN",3,"[55401, 55402, 55403, 55404, 55405, 55406, 55407, 55408, 55409, 55410, 55411, 55412, 55413, 55414, 55415, 55416, 55417, 55418, 55419, 55420, 55421, 55422, 55423, 55424, 55425, 55426, 55427, 55428, 55429, 55430, 55431, 55432, 55433, 55434, 55435, 55436, 55437, 55438, 55439, 55441, 55442, 55443, 55444, 55445, 55446, 55447, 55448, 55449, 55450, 55454, 55455]"
60,Louisville,"Minneapolis, MN",1,"[55401, 55402, 55403, 55404, 55405, 55406, 55407, 55408, 55409, 55410, 55411, 55412, 55413, 55414, 55415, 55416, 55417, 55418, 55419, 55420, 55421, 55422, 55423, 55424, 55425, 55426, 55427, 55428, 55429, 55430, 55431, 55432, 55433, 55434, 55435, 55436, 55437, 55438, 55439, 55441, 55442, 55443, 55444, 55445, 55446, 55447, 55448, 55449, 55450, 55454, 55455]"
61,Atlanta,"Monroe, MI",3,"[48161, 48162]"
62,Atlanta,"Monroe, OH",1,[45050]
63,Atlanta,"Nashville, TN",1,"[37201, 37203, 37204, 37205, 37206, 37207, 37208, 37209, 37210, 37211, 37212, 37213, 37214, 37215, 37216, 37217, 37218, 37219, 37220, 37221, 37228, 37240, 37243, 37246]"
64,Charlotte,"Nashville, TN",1,"[37201, 37203, 37204, 37205, 37206, 37207, 37208, 37209, 37210, 37211, 37212, 37213, 37214, 37215, 37216, 37217, 37218, 37219, 37220, 37221, 37228, 37240, 37243, 37246]"
65,Nashville,"Nashville, TN",18,"[37201, 37203, 37204, 37205, 37206, 37207, 37208, 37209, 37210, 37211, 37212, 37213, 37214, 37215, 37216, 37217, 37218, 37219, 37220, 37221, 37228, 37240, 37243, 37246]"
66,Atlanta,"New York, NY",1,"[10001, 10002, 10003, 10004, 10005, 10006, 10007, 10009, 10010, 10011, 10012, 10013, 10014, 10016, 10017, 10018, 10019, 10020, 10021, 10022, 10023, 10024, 10025, 10026, 10027, 10028, 10029, 10030, 10031, 10032, 10033, 10034, 10035, 10036, 10037, 10038, 10039, 10040, 10044, 10065, 10069, 10075, 10103, 10110, 10111, 10112, 10115, 10119, 10128, 10152, 10153, 10154, 10162, 10165, 10167, 10168, 10169, 10170, 10171, 10172, 10173, 10174, 10177, 10199, 10271, 10278, 10279, 10280, 10282]"
67,Austin,"New York, NY",1,"[10001, 10002, 10003, 10004, 10005, 10006, 10007, 10009, 10010, 10011, 10012, 10013, 10014, 10016, 10017, 10018, 10019, 10020, 10021, 10022, 10023, 10024, 10025, 10026, 10027, 10028, 10029, 10030, 10031, 10032, 10033, 10034, 10035, 10036, 10037, 10038, 10039, 10040, 10044, 10065, 10069, 10075, 10103, 10110, 10111, 10112, 10115, 10119, 10128, 10152, 10153, 10154, 10162, 10165, 10167, 10168, 10169, 10170, 10171, 10172, 10173, 10174, 10177, 10199, 10271, 10278, 10279, 10280, 10282]"
68,Charlotte,"New York, NY",3,"[10001, 10002, 10003, 10004, 10005, 10006, 10007, 10009, 10010, 10011, 10012, 10013, 10014, 10016, 10017, 10018, 10019, 10020, 10021, 10022, 10023, 10024, 10025, 10026, 10027, 10028, 10029, 10030, 10031, 10032, 10033, 10034, 10035, 10036, 10037, 10038, 10039, 10040, 10044, 10065, 10069, 10075, 10103, 10110, 10111, 10112, 10115, 10119, 10128, 10152, 10153, 10154, 10162, 10165, 10167, 10168, 10169, 10170, 10171, 10172, 10173, 10174, 10177, 10199, 10271, 10278, 10279, 10280, 10282]"
69,Portland,"New York, NY",3,"[10001, 10002, 10003, 10004, 10005, 10006, 10007, 10009, 10010, 10011, 10012, 10013, 10014, 10016, 10017, 10018, 10019, 10020, 10021, 10022, 10023, 10024, 10025, 10026, 10027, 10028, 10029, 10030, 10031, 10032, 10033, 10034, 10035, 10036, 10037, 10038, 10039, 10040, 10044, 10065, 10069, 10075, 10103, 10110, 10111, 10112, 10115, 10119, 10128, 10152, 10153, 10154, 10162, 10165, 10167, 10168, 10169, 10170, 10171, 10172, 10173, 10174, 10177, 10199, 10271, 10278, 10279, 10280, 10282]"
70,San_Diego,"New York, NY",4,"[10001, 10002, 10003, 10004, 10005, 10006, 10007, 10009, 10010, 10011, 10012, 10013, 10014, 10016, 10017, 10018, 10019, 10020, 10021, 10022, 10023, 10024, 10025, 10026, 10027, 10028, 10029, 10030, 10031, 10032, 10033, 10034, 10035, 10036, 10037, 10038, 10039, 10040, 10044, 10065, 10069, 10075, 10103, 10110, 10111, 10112, 10115, 10119, 10128, 10152, 10153, 10154, 10162, 10165, 10167, 10168, 10169, 10170, 10171, 10172, 10173, 10174, 10177, 10199, 10271, 10278, 10279, 10280, 10282]"
71,Atlanta,"Orlando, FL",1,"[32801, 32803, 32804, 32805, 32806, 32807, 32808, 32809, 32810, 32811, 32812, 32814, 32780, 32826, 32817, 32818, 32819, 32820, 32821, 32822, 32824, 32825, 32827, 32828, 32829, 32830, 32831, 32832, 32833, 32835, 32836, 32837, 32839]"
72,Austin,"Orlando, FL",1,"[32801, 32803, 32804, 32805, 32806, 32807, 32808, 32809, 32810, 32811, 32812, 32814, 32780, 32826, 32817, 32818, 32819, 32820, 32821, 32822, 32824, 32825, 32827, 32828, 32829, 32830, 32831, 32832, 32833, 32835, 32836, 32837, 32839]"
73,Charlotte,"Orlando, FL",1,"[32801, 32803, 32804, 32805, 32806, 32807, 32808, 32809, 32810, 32811, 32812, 32814, 32780, 32826, 32817, 32818, 32819, 32820, 32821, 32822, 32824, 32825, 32827, 32828, 32829, 32830, 32831, 32832, 32833, 32835, 32836, 32837, 32839]"
74,San_Diego,"Orlando, FL",2,"[32801, 32803, 32804, 32805, 32806, 32807, 32808, 32809, 32810, 32811, 32812, 32814, 32780, 32826, 32817, 32818, 32819, 32820, 32821, 32822, 32824, 32825, 32827, 32828, 32829, 32830, 32831, 32832, 32833, 32835, 32836, 32837, 32839]"
75,Atlanta,"Philadelphia, PA",1,"[19115, 19104, 19102, 19103, 19107, 19106, 19123, 19109, 19111, 19112, 19113, 19114, 19116, 19118, 19119, 19120, 19121, 19122, 19124, 19125, 19126, 19127, 19128, 19129, 19130, 19131, 19132, 19133, 19134, 19135, 19136, 19137, 19138, 19139, 19140, 19141, 19142, 19143, 19144, 19145, 19146, 19147, 19148, 19149, 19150, 19151, 19152, 19153, 19154]"
76,Indianapolis,"Philadelphia, PA",1,"[19115, 19104, 19102, 19103, 19107, 19106, 19123, 19109, 19111, 19112, 19113, 19114, 19116, 19118, 19119, 19120, 19121, 19122, 19124, 19125, 19126, 19127, 19128, 19129, 19130, 19131, 19132, 19133, 19134, 19135, 19136, 19137, 19138, 19139, 19140, 19141, 19142, 19143, 19144, 19145, 19146, 19147, 19148, 19149, 19150, 19151, 19152, 19153, 19154]"
77,Atlanta,"Phoenix, AZ",3,"[85004, 85003, 85009, 85006, 85007, 85008, 85014, 85012, 85013, 85015, 85016, 85017, 85018, 85019, 85020, 85021, 85022, 85023, 85024, 85027, 85028, 85029, 85031, 85032, 85033, 85034, 85035, 85037, 85040, 85041, 85042, 85043, 85044, 85045, 85048, 85050, 85051, 85053, 85054, 85339, 85083, 85085, 85086]"
78,Atlanta,"Powder Springs, GA",3,[30127]
79,Atlanta,"Providence, RI",1,"['02903', '02904', '02905', '02906', '02907', '02908', '02909', '02912']"
80,Atlanta,"Raleigh, NC",3,"[27601, 27603, 27604, 27605, 27606, 27607, 27608, 27609, 27610, 27612, 27613, 27614, 27615, 27616, 27617, 27560]"
81,Austin,"Raleigh, NC",2,"[27601, 27603, 27604, 27605, 27606, 27607, 27608, 27609, 27610, 27612, 27613, 27614, 27615, 27616, 27617, 27560]"
82,Charlotte,"Raleigh, NC",2,"[27601, 27603, 27604, 27605, 27606, 27607, 27608, 27609, 27610, 27612, 27613, 27614, 27615, 27616, 27617, 27560]"
83,Portland,"Raleigh, NC",1,"[27601, 27603, 27604, 27605, 27606, 27607, 27608, 27609, 27610, 27612, 27613, 27614, 27615, 27616, 27617, 27560]"
84,RDU,"Raleigh, NC",54,"[27601, 27603, 27604, 27605, 27606, 27607, 27608, 27609, 27610, 27612, 27613, 27614, 27615, 27616, 27617, 27560]"
85,Atlanta,"Ridgecrest, CA",1,[93555]
86,Atlanta,"Roswell, GA",2,"[30075, 30076]"
87,Atlanta,"Sacramento, CA",1,"[95814, 95815, 95823, 95818, 95811, 95816, 95822, 95817, 95819, 95820, 95821, 95824, 95825, 95826, 95827, 95828, 95829, 95830, 95831, 95832, 95833, 95834, 95835, 95626, 95837, 95838, 95841, 95842, 95864, 95691]"
88,Atlanta,"San Antonio, TX",4,"[78201, 78202, 78203, 78204, 78205, 78207, 78208, 78209, 78210, 78211, 78212, 78213, 78214, 78215, 78216, 78217, 78218, 78219, 78220, 78221, 78222, 78223, 78224, 78225, 78226, 78227, 78228, 78229, 78230, 78231, 78232, 78233, 78235, 78237, 78238, 78239, 78240, 78242, 78243, 78244, 78245, 78247, 78248, 78249, 78250, 78251, 78252, 78253, 78254, 78255, 78256, 78257, 78258, 78259, 78260, 78261, 78263, 78264, 78266]"
89,Atlanta,"Seattle, WA",1,"[98101, 98102, 98103, 98104, 98105, 98106, 98107, 98108, 98109, 98112, 98115, 98116, 98117, 98118, 98119, 98121, 98122, 98125, 98126, 98188, 98133, 98134, 98136, 98199, 98144, 98146, 98148, 98154, 98155, 98158, 98177, 98164, 98166, 98168, 98174, 98178, 98032, 98195, 98198]"
90,Portland,"Seattle, WA",2,"[98101, 98102, 98103, 98104, 98105, 98106, 98107, 98108, 98109, 98112, 98115, 98116, 98117, 98118, 98119, 98121, 98122, 98125, 98126, 98188, 98133, 98134, 98136, 98199, 98144, 98146, 98148, 98154, 98155, 98158, 98177, 98164, 98166, 98168, 98174, 98178, 98032, 98195, 98198]"
91,San_Diego,"Seattle, WA",1,"[98101, 98102, 98103, 98104, 98105, 98106, 98107, 98108, 98109, 98112, 98115, 98116, 98117, 98118, 98119, 98121, 98122, 98125, 98126, 98188, 98133, 98134, 98136, 98199, 98144, 98146, 98148, 98154, 98155, 98158, 98177, 98164, 98166, 98168, 98174, 98178, 98032, 98195, 98198]"
92,Atlanta,"Stanford, CA",1,[94305]
93,Atlanta,"Statesboro, GA",2,"[30458, 30460, 30461]"
94,Atlanta,"Suwanee, GA",1,[30024]
95,Atlanta,"Washington, DC",4,"[20001, 20002, 20003, 20004, 20005, 20006, 20007, 20008, 20009, 20010, 20011, 20012, 20024, 20015, 20016, 20017, 20018, 20019, 20020, 20032, 20036, 20037, 20045, 20052, 20053, 20057, 20064, 20202, 20204, 20228, 20230, 20240, 20245, 20260, 20317, 20319, 20390, 20405, 20418, 20427, 20506, 20510, 20520, 20535, 20540, 20551, 20553, 20560, 20565, 20566, 20593]"
96,Austin,"Washington, DC",1,"[20001, 20002, 20003, 20004, 20005, 20006, 20007, 20008, 20009, 20010, 20011, 20012, 20024, 20015, 20016, 20017, 20018, 20019, 20020, 20032, 20036, 20037, 20045, 20052, 20053, 20057, 20064, 20202, 20204, 20228, 20230, 20240, 20245, 20260, 20317, 20319, 20390, 20405, 20418, 20427, 20506, 20510, 20520, 20535, 20540, 20551, 20553, 20560, 20565, 20566, 20593]"
97,Charlotte,"Washington, DC",1,"[20001, 20002, 20003, 20004, 20005, 20006, 20007, 20008, 20009, 20010, 20011, 20012, 20024, 20015, 20016, 20017, 20018, 20019, 20020, 20032, 20036, 20037, 20045, 20052, 20053, 20057, 20064, 20202, 20204, 20228, 20230, 20240, 20245, 20260, 20317, 20319, 20390, 20405, 20418, 20427, 20506, 20510, 20520, 20535, 20540, 20551, 20553, 20560, 20565, 20566, 20593]"
98,RDU,"Washington, DC",1,"[20001, 20002, 20003, 20004, 20005, 20006, 20007, 20008, 20009, 20010, 20011, 20012, 20024, 20015, 20016, 20017, 20018, 20019, 20020, 20032, 20036, 20037, 20045, 20052, 20053, 20057, 20064, 20202, 20204, 20228, 20230, 20240, 20245, 20260, 20317, 20319, 20390, 20405, 20418, 20427, 20506, 20510, 20520, 20535, 20540, 20551, 20553, 20560, 20565, 20566, 20593]"
99,San_Diego,"Washington, DC",1,"[20001, 20002, 20003, 20004, 20005, 20006, 20007, 20008, 20009, 20010, 20011, 20012, 20024, 20015, 20016, 20017, 20018, 20019, 20020, 20032, 20036, 20037, 20045, 20052, 20053, 20057, 20064, 20202, 20204, 20228, 20230, 20240, 20245, 20260, 20317, 20319, 20390, 20405, 20418, 20427, 20506, 20510, 20520, 20535, 20540, 20551, 20553, 20560, 20565, 20566, 20593]"
100,Atlanta,"Wellington, FL",1,[33414]
101,Austin,"Austin, TX",56,"[78741, 78744, 78701, 78702, 78703, 78704, 78705, 78758, 78749, 78754, 78712, 78745, 78746, 78717, 78719, 78759, 78721, 78722, 78723, 78724, 78725, 78726, 78727, 78728, 78729, 78730, 78731, 78732, 78733, 78734, 78735, 78736, 78737, 78738, 78739, 78742, 78747, 78748, 78750, 78751, 78752, 78753, 78756, 78757]"
102,Charlotte,"Austin, TX",1,"[78741, 78744, 78701, 78702, 78703, 78704, 78705, 78758, 78749, 78754, 78712, 78745, 78746, 78717, 78719, 78759, 78721, 78722, 78723, 78724, 78725, 78726, 78727, 78728, 78729, 78730, 78731, 78732, 78733, 78734, 78735, 78736, 78737, 78738, 78739, 78742, 78747, 78748, 78750, 78751, 78752, 78753, 78756, 78757]"
103,Austin,"Boulder, CO",1,"[80301, 80302, 80303, 80304, 80305, 80310, 80503]"
104,Austin,"Buffalo, NY",1,"[14201, 14202, 14203, 14204, 14206, 14207, 14208, 14209, 14210, 14211, 14212, 14213, 14214, 14215, 14216, 14217, 14218, 14219, 14220, 14221, 14222, 14223, 14224, 14225, 14226, 14227, 14228, 14261, 14043]"
105,Nashville,"Buffalo, NY",1,"[14201, 14202, 14203, 14204, 14206, 14207, 14208, 14209, 14210, 14211, 14212, 14213, 14214, 14215, 14216, 14217, 14218, 14219, 14220, 14221, 14222, 14223, 14224, 14225, 14226, 14227, 14228, 14261, 14043]"
106,Austin,"Cedar Creek, TX",2,[78612]
107,Austin,"Cedar Park, TX",1,[78613]
108,Austin,"Cypress, TX",1,"[77429, 77433]"
109,Austin,"Dallas, TX",2,"[75201, 75202, 75203, 75204, 75205, 75206, 75207, 75208, 75209, 75210, 75211, 75212, 75214, 75215, 75216, 75217, 75218, 75219, 75220, 75223, 75224, 75225, 75226, 75227, 75228, 75229, 75230, 75231, 75232, 75233, 75234, 75235, 75236, 75237, 75238, 75240, 75241, 75243, 75244, 75246, 75247, 75248, 75249, 75251, 75252, 75253, 75254, 76051, 75270, 75287, 75063, 75042, 75390]"
110,Charlotte,"Dallas, TX",1,"[75201, 75202, 75203, 75204, 75205, 75206, 75207, 75208, 75209, 75210, 75211, 75212, 75214, 75215, 75216, 75217, 75218, 75219, 75220, 75223, 75224, 75225, 75226, 75227, 75228, 75229, 75230, 75231, 75232, 75233, 75234, 75235, 75236, 75237, 75238, 75240, 75241, 75243, 75244, 75246, 75247, 75248, 75249, 75251, 75252, 75253, 75254, 76051, 75270, 75287, 75063, 75042, 75390]"
111,Indianapolis,"Dallas, TX",1,"[75201, 75202, 75203, 75204, 75205, 75206, 75207, 75208, 75209, 75210, 75211, 75212, 75214, 75215, 75216, 75217, 75218, 75219, 75220, 75223, 75224, 75225, 75226, 75227, 75228, 75229, 75230, 75231, 75232, 75233, 75234, 75235, 75236, 75237, 75238, 75240, 75241, 75243, 75244, 75246, 75247, 75248, 75249, 75251, 75252, 75253, 75254, 76051, 75270, 75287, 75063, 75042, 75390]"
112,Austin,"Driftwood, TX",2,[78619]
113,Austin,"Eagle Pass, TX",1,[78852]
114,Austin,"Georgetown, TX",2,"[78626, 78628, 78633]"
115,Austin,"Kansas City, MO",1,"[64101, 64102, 64105, 64106, 64108, 64109, 64110, 64111, 64112, 64113, 64114, 64116, 64117, 64118, 64119, 64120, 64127, 64123, 64124, 64125, 64126, 64128, 64129, 64130, 64131, 64132, 64133, 64134, 64136, 64137, 64138, 64139, 64161, 64145, 64146, 64147, 64149, 64151, 64152, 64153, 64154, 64155, 64156, 64157, 64158, 64163, 64164, 64165, 64166, 64167, 64150]"
116,Indianapolis,"Kansas City, MO",3,"[64101, 64102, 64105, 64106, 64108, 64109, 64110, 64111, 64112, 64113, 64114, 64116, 64117, 64118, 64119, 64120, 64127, 64123, 64124, 64125, 64126, 64128, 64129, 64130, 64131, 64132, 64133, 64134, 64136, 64137, 64138, 64139, 64161, 64145, 64146, 64147, 64149, 64151, 64152, 64153, 64154, 64155, 64156, 64157, 64158, 64163, 64164, 64165, 64166, 64167, 64150]"
117,Portland,"Kansas City, MO",1,"[64101, 64102, 64105, 64106, 64108, 64109, 64110, 64111, 64112, 64113, 64114, 64116, 64117, 64118, 64119, 64120, 64127, 64123, 64124, 64125, 64126, 64128, 64129, 64130, 64131, 64132, 64133, 64134, 64136, 64137, 64138, 64139, 64161, 64145, 64146, 64147, 64149, 64151, 64152, 64153, 64154, 64155, 64156, 64157, 64158, 64163, 64164, 64165, 64166, 64167, 64150]"
118,Austin,"Kyle, TX",1,[78640]
119,Austin,"Memphis, TN",1,"[38118, 38126, 38103, 38104, 38105, 38106, 38107, 38108, 38109, 38111, 38112, 38114, 38115, 38116, 38117, 38119, 38120, 38122, 38125, 38127, 38128, 38131, 38132, 38133, 38134, 38135, 38141, 38152]"
120,Charlotte,"Memphis, TN",2,"[38118, 38126, 38103, 38104, 38105, 38106, 38107, 38108, 38109, 38111, 38112, 38114, 38115, 38116, 38117, 38119, 38120, 38122, 38125, 38127, 38128, 38131, 38132, 38133, 38134, 38135, 38141, 38152]"
121,Austin,"Mesquite, TX",2,"[75149, 75150, 75181]"
122,Austin,"Mission, TX",1,"[78572, 78573, 78574]"
123,Austin,"Palo Alto, CA",1,"[94301, 94303, 94304, 94306, 94305]"
124,Austin,"Pflugerville, TX",2,[78660]
125,Austin,"San Diego, CA",1,"[92101, 92102, 92103, 92104, 92105, 92106, 92107, 92108, 92109, 92110, 92111, 92113, 92114, 92115, 92116, 92117, 92119, 92120, 92121, 92122, 92123, 92124, 92126, 92127, 92128, 92129, 92130, 92131, 92132, 92134, 92135, 92139, 92140, 92145, 92147, 92154, 92155, 92037]"
126,San_Diego,"San Diego, CA",21,"[92101, 92102, 92103, 92104, 92105, 92106, 92107, 92108, 92109, 92110, 92111, 92113, 92114, 92115, 92116, 92117, 92119, 92120, 92121, 92122, 92123, 92124, 92126, 92127, 92128, 92129, 92130, 92131, 92132, 92134, 92135, 92139, 92140, 92145, 92147, 92154, 92155, 92037]"
127,Austin,"San Marcos, TX",2,[78666]
128,Austin,"Saratoga, CA",1,[95070]
129,Austin,"Tiffin, OH",1,[44883]
130,Charlotte,"Alexandria, VA",1,"[22301, 22302, 22303, 22304, 22305, 22306, 22307, 22308, 22309, 22310, 22311, 22312, 22314, 22315]"
131,Charlotte,"Asheville, NC",1,"[28801, 28803, 28804, 28805, 28806]"
132,Charlotte,"Charleston, SC",1,"[29401, 29403, 29406, 29407, 29409, 29412, 29414, 29404, 29423, 29424, 29492]"
133,Charlotte,"Denver, CO",1,"[80202, 80203, 80204, 80205, 80206, 80207, 80210, 80209, 80211, 80212, 80214, 80215, 80216, 80218, 80219, 80220, 80221, 80222, 80223, 80224, 80226, 80227, 80228, 80229, 80230, 80231, 80232, 80233, 80234, 80235, 80236, 80237, 80238, 80239, 80246, 80247, 80249, 80014, 80260, 80045, 80264, 80290, 80293, 80294]"
134,San_Diego,"Denver, CO",2,"[80202, 80203, 80204, 80205, 80206, 80207, 80210, 80209, 80211, 80212, 80214, 80215, 80216, 80218, 80219, 80220, 80221, 80222, 80223, 80224, 80226, 80227, 80228, 80229, 80230, 80231, 80232, 80233, 80234, 80235, 80236, 80237, 80238, 80239, 80246, 80247, 80249, 80014, 80260, 80045, 80264, 80290, 80293, 80294]"
135,Charlotte,"Gainesville, FL",1,"[32601, 32603, 32605, 32606, 32607, 32608, 32609, 32612, 32641, 32653]"
136,Charlotte,"Harrisburg, PA",1,"[17101, 17102, 17103, 17104, 17110, 17109, 17111, 17112, 17113, 17120]"
137,Charlotte,"Hickory, NC",1,"[28601, 28602]"
138,Charlotte,"Huntersville, NC",3,[28078]
139,Charlotte,"Indian Trail, NC",1,[28079]
140,Charlotte,"Knoxville, TN",1,"[37902, 37909, 37912, 37914, 37915, 37916, 37917, 37918, 37919, 37920, 37921, 37922, 37923, 37924, 37931, 37932, 37934, 37938]"
141,Charlotte,"Lakeland, FL",1,"[33801, 33803, 33805, 33813, 33809, 33810, 33811, 33812, 33815]"
142,Charlotte,"Las Vegas, NV",1,"[89101, 89102, 89103, 89104, 89119, 89106, 89107, 89108, 89109, 89110, 89142, 89113, 89115, 89117, 89118, 89120, 89121, 89122, 89123, 89124, 89128, 89129, 89130, 89131, 89134, 89135, 89144, 89138, 89139, 89141, 89143, 89145, 89146, 89147, 89148, 89149, 89156, 89161, 89166, 89169, 89178, 89179, 89183]"
143,Portland,"Las Vegas, NV",1,"[89101, 89102, 89103, 89104, 89119, 89106, 89107, 89108, 89109, 89110, 89142, 89113, 89115, 89117, 89118, 89120, 89121, 89122, 89123, 89124, 89128, 89129, 89130, 89131, 89134, 89135, 89144, 89138, 89139, 89141, 89143, 89145, 89146, 89147, 89148, 89149, 89156, 89161, 89166, 89169, 89178, 89179, 89183]"
144,Charlotte,"Lexington, KY",1,"[40502, 40503, 40504, 40505, 40506, 40507, 40508, 40509, 40510, 40511, 40513, 40514, 40515, 40516, 40517]"
145,San_Diego,"Lexington, KY",1,"[40502, 40503, 40504, 40505, 40506, 40507, 40508, 40509, 40510, 40511, 40513, 40514, 40515, 40516, 40517]"
146,Charlotte,"Middletown, PA",1,[17057]
147,Charlotte,"Mooresville, NC",1,"[28115, 28117]"
148,Charlotte,"Newport, RI",1,"['02840', '02841']"
149,Charlotte,"Pearland, TX",1,"[77581, 77584]"
150,Charlotte,"Peoria, IL",2,"[61602, 61603, 61604, 61605, 61606, 61607, 61614, 61615, 61625]"
151,Charlotte,"Redondo Beach, CA",1,"[90277, 90278]"
152,Charlotte,"Romulus, MI",1,[48174]
153,RDU,"Romulus, MI",1,[48174]
154,Charlotte,"Sarasota, FL",3,"[34236, 34231, 34232, 34233, 34234, 34235, 34237, 34238, 34239, 34240, 34241, 34242, 34243]"
155,Charlotte,"Scottsdale, AZ",3,"[85250, 85251, 85254, 85255, 85256, 85257, 85258, 85259, 85260, 85262, 85266]"
156,Charlotte,"Spartanburg, SC",1,"[29301, 29302, 29303, 29306, 29307]"
157,Charlotte,"Springfield, MO",2,"[65802, 65803, 65804, 65806, 65807, 65809, 65810]"
158,Charlotte,"Syracuse, NY",1,"[13202, 13203, 13204, 13205, 13206, 13207, 13208, 13209, 13210, 13211, 13212, 13214, 13215, 13219, 13224, 13290]"
159,Charlotte,"Tallahassee, FL",1,"[32301, 32303, 32304, 32305, 32310, 32308, 32309, 32311, 32312, 32317, 32399]"
160,Charlotte,"Troutman, NC",1,[28166]
161,Charlotte,"Waxhaw, NC",1,[28173]
162,Charlotte,"Westerville, OH",1,"[43081, 43082]"
163,Charlotte,"Windermere, FL",1,[34786]
164,Indianapolis,"Avon, IN",3,[46123]
165,Nashville,"Avon, IN",2,[46123]
166,Indianapolis,"Carmel, IN",6,"[46032, 46033]"
167,Indianapolis,"Dayton, OH",1,"[45410, 45402, 45403, 45404, 45405, 45406, 45409, 45414, 45415, 45416, 45417, 45419, 45420, 45424, 45426, 45428, 45429, 45430, 45431, 45432, 45433, 45434, 45324, 45439, 45440, 45459, 45342, 45449, 45458, 45377]"
168,Indianapolis,"Fishers, IN",4,"[46037, 46038]"
169,Indianapolis,"Fort Wayne, IN",2,"[46802, 46803, 46804, 46805, 46806, 46807, 46808, 46809, 46814, 46815, 46816, 46818, 46819, 46825, 46835, 46845]"
170,Indianapolis,"Fort Worth, TX",2,"[76102, 76103, 76104, 76105, 76106, 76107, 76108, 76109, 76110, 76111, 76112, 76114, 76115, 76116, 76118, 76119, 76120, 76123, 76126, 76129, 76131, 76132, 76133, 76134, 76135, 76179, 76137, 76140, 76148, 76155, 76164, 76177, 76180]"
171,Indianapolis,"Gulf Breeze, FL",1,"[32561, 32563]"
172,Indianapolis,"Kenner, LA",1,"[70062, 70065]"
173,Indianapolis,"Lafayette, IN",3,"[47901, 47905, 47904, 47909]"
174,Indianapolis,"Milwaukee, WI",1,"[53203, 53202, 53204, 53205, 53206, 53207, 53208, 53209, 53210, 53211, 53212, 53213, 53214, 53215, 53216, 53217, 53218, 53219, 53220, 53221, 53222, 53223, 53224, 53225, 53226, 53227, 53228, 53233, 53295]"
175,San_Diego,"Milwaukee, WI",2,"[53203, 53202, 53204, 53205, 53206, 53207, 53208, 53209, 53210, 53211, 53212, 53213, 53214, 53215, 53216, 53217, 53218, 53219, 53220, 53221, 53222, 53223, 53224, 53225, 53226, 53227, 53228, 53233, 53295]"
176,Indianapolis,"Northampton, MA",1,"['01060', '01063']"
177,Indianapolis,"Pendleton, IN",1,[46064]
178,Indianapolis,"Terre Haute, IN",1,"[47807, 47802, 47803, 47804, 47805, 47809]"
179,Indianapolis,"Westfield, IN",1,[46074]
180,Louisville,"Frisco, TX",1,"[75034, 75035]"
181,Louisville,"Louisville, KY",1,"[40203, 40202, 40204, 40205, 40206, 40207, 40208, 40209, 40210, 40211, 40212, 40213, 40214, 40215, 40216, 40217, 40218, 40219, 40220, 40222, 40223, 40228, 40229, 40231, 40241, 40242, 40243, 40245, 40258, 40299, 40272, 40280, 40291]"
182,Louisville,"Tacoma, WA",1,"[98402, 98403, 98404, 98405, 98406, 98407, 98408, 98409, 98444, 98416, 98418, 98421, 98422, 98424, 98433, 98443, 98445, 98446, 98447, 98466, 98465, 98498]"
183,Nashville,"Cincinnati, OH",1,"[45203, 45202, 45204, 45205, 45206, 45207, 45208, 45209, 45211, 45212, 45213, 45214, 45215, 45216, 45217, 45218, 45219, 45220, 45223, 45224, 45225, 45226, 45227, 45229, 45230, 45231, 45232, 45233, 45241, 45236, 45237, 45238, 45239, 45240, 45242, 45243, 45244, 45245, 45246, 45247, 45248, 45249, 45251, 45252, 45255]"
184,Nashville,"Clarksville, TN",1,"[37040, 37042, 37043]"
185,Nashville,"Cuyahoga Falls, OH",1,"[44221, 44223]"
186,Nashville,"Franklin, TN",1,"[37064, 37067, 37069]"
187,Nashville,"Melville, NY",2,"[11747, 11788]"
188,Nashville,"Murfreesboro, TN",1,"[37127, 37128, 37129, 37130, 37132]"
189,Nashville,"Ocean Springs, MS",1,[39564]
190,Nashville,"Sewanee, TN",2,[37375]
191,Nashville,"Spring Hill, TN",1,[37174]
192,Nashville,"Torrance, CA",2,"[90501, 90502, 90503, 90504, 90505, 90506]"
193,Nashville,"Westlake Village, CA",2,"[91362, 91361]"
194,Portland,"Bend, OR",2,"[97701, 97702, 97707]"
195,Portland,"Canby, OR",2,[97013]
196,Portland,"Honolulu, HI",1,"[96813, 96814, 96815, 96816, 96817, 96818, 96819, 96821, 96822, 96825, 96826, 96850]"
197,Portland,"Ladera Ranch, CA",1,[92694]
198,Portland,"Lake Oswego, OR",1,"[97034, 97035]"
199,Portland,"Portland, OR",57,"[97201, 97202, 97203, 97204, 97205, 97206, 97208, 97209, 97210, 97211, 97212, 97213, 97214, 97215, 97216, 97217, 97218, 97219, 97220, 97221, 97222, 97223, 97224, 97225, 97227, 97229, 97230, 97231, 97232, 97233, 97236, 97239, 97266, 97267]"
200,Portland,"Portland, TX",1,[78374]
201,Portland,"Roseburg, OR",1,"[97470, 97471]"
202,Portland,"Saint Paul, MN",1,"[55101, 55102, 55103, 55104, 55105, 55106, 55107, 55108, 55109, 55110, 55111, 55112, 55113, 55114, 55115, 55116, 55117, 55118, 55119, 55120, 55121, 55122, 55123, 55124, 55125, 55126, 55127, 55128, 55129, 55130, 55155]"
203,Portland,"San Jose, CA",4,"[95131, 95112, 95110, 95111, 95113, 95116, 95117, 95118, 95119, 95120, 95121, 95122, 95123, 95124, 95125, 95126, 95127, 95128, 95129, 95130, 95132, 95133, 95134, 95135, 95136, 95138, 95139, 95037, 95148]"
204,Portland,"Vancouver, WA",3,"[98660, 98661, 98662, 98663, 98664, 98665, 98682, 98683, 98684, 98685, 98686]"
205,Portland,"Wilsonville, OR",1,[97070]
206,RDU,"Apex, NC",1,"[27502, 27523, 27539]"
207,RDU,"Cary, NC",1,"[27511, 27513, 27518, 27519]"
208,RDU,"Chapel Hill, NC",4,"[27514, 27516, 27517]"
209,RDU,"Collingswood, NJ",1,['08108']
210,RDU,"Durham, NC",7,"[27701, 27703, 27704, 27705, 27707, 27709, 27713, 27712]"
211,RDU,"Emporia, VA",1,[23847]
212,RDU,"Evanston, IL",1,"[60201, 60202, 60203]"
213,RDU,"Garner, NC",1,[27529]
214,RDU,"Lynchburg, VA",1,"[24501, 24502, 24503, 24504]"
215,RDU,"Pittsboro, NC",1,[27312]
216,RDU,"Shelton, CT",1,['06484']
217,RDU,"State College, PA",1,"[16801, 16803]"
218,RDU,"Wake Forest, NC",2,[27587]
219,San_Diego,"Dana Point, CA",1,[92629]
220,San_Diego,"Folsom, CA",1,[95630]
221,San_Diego,"Oak Creek, WI",1,[53154]
222,San_Diego,"Palm Springs, CA",2,"[92262, 92264]"
223,San_Diego,"San Clemente, CA",1,"[92672, 92673]"
224,San_Diego,"San Francisco, CA",1,"[94102, 94103, 94104, 94105, 94107, 94108, 94109, 94110, 94111, 94112, 94114, 94115, 94116, 94117, 94118, 94121, 94122, 94123, 94124, 94128, 94127, 94129, 94130, 94131, 94132, 94133, 94134, 94158]"
225,San_Diego,"Walpole, MA",1,['02081']
